Student_ID,Gender,Study_Hours,Attendance,Previous_Score,Final_Score
1,Male,2.5,65.0,58.0,61
2,Female,4.0,82.0,72.0,78
3,Male,3.0,75.0,65.0,68
4,Female,5.5,90.0,81.0,88
5,Male,1.5,55.0,48.0,50
6,Female,6.0,95.0,89.0,93
7,Male,3.5,70.0,60.0,66
8,Female,4.5,,76.0,82
9,Male,2.0,60.0,52.0,55
10,Female,7.0,98.0,92.0,96
11,Male,5.0,88.0,80.0,85
12,Female,3.0,72.0,67.0,70
13,Male,4.0,80.0,70.0,76
14,Female,2.5,68.0,61.0,64
15,Male,6.5,92.0,85.0,90
16,Female,5.0,87.0,79.0,84
17,Male,1.0,50.0,45.0,47
18,Female,,78.0,71.0,75
19,Male,3.5,73.0,64.0,69
20,Female,6.0,94.0,88.0,91
21,Male,2.0,62.0,55.0,58
22,Female,5.5,89.0,83.0,87
23,Male,4.5,84.0,75.0,80
24,Female,3.0,70.0,63.0,68
25,Male,5.0,86.0,78.0,83
26,Female,7.5,99.0,94.0,98
27,Male,2.5,67.0,59.0,63
28,,4.5,81.0,74.0,79
29,Male,3.0,76.0,66.0,71
30,Female,5.0,91.0,84.0,89
31,Male,1.5,58.0,50.0,53
32,Female,6.5,96.0,90.0,94
33,Male,4.0,79.0,69.0,74
34,Female,2.0,64.0,57.0,60
35,Male,5.5,90.0,,87
36,Female,3.5,77.0,70.0,74
37,Male,6.0,93.0,86.0,91
38,Female,4.0,83.0,73.0,79
39,Male,2.5,69.0,62.0,65
40,Female,5.0,88.0,80.0,85
12,Female,3.0,72.0,67.0,70
